Name,Level,Element,STR,DEX,INT,CHA,LUK,END,WIS,Crit,Bonus,Melee Def,Pierce Def,Magic Def,Block,Parry,Dodge,All,Immobility,Health,Mana,Shrink,???,Bacon,Darkness,Disease,Energy,Evil,Fear,Fire,Good,Ice,Light,Metal,Nature,None,Poison,Silver,Stone,Water,Wind,Immobility+All,Health+All,Mana+All,Shrink+All,???+All,Bacon+All,Darkness+All,Disease+All,Energy+All,Evil+All,Fear+All,Fire+All,Good+All,Ice+All,Light+All,Metal+All,Nature+All,None+All,Poison+All,Silver+All,Stone+All,Water+All,Wind+All,DA,DC,Rare,Seasonal,DM,Guardian,Special Offer,Has Skill,Item Type,Name No Link,Link
Radiant Shimmer,1,Light,2,2,2,2,2,2,2,5,5,0,0,0,0,0,0,0,0,0,0,0,0,0,0,0,0,0,0,0,0,0,0,0,0,0,0,0,0,0,0,0,0,0,0,0,0,0,0,0,0,0,0,0,0,0,0,0,0,0,0,0,0,0,1,1,0,1,0,0,0,1,Trinket,Radiant Shimmer,http://forums2.battleon.com/f/fb.asp?m=22396536
Uaanta's Blaster IV (Destiny),90,Good,0,0,0,8,8,15,15,12,12,5,5,5,5,5,5,0,0,0,0,0,0,0,10,0,0,5,0,0,5,0,10,0,0,0,0,0,0,0,0,0,0,0,0,0,0,10,0,0,5,0,0,5,0,10,0,0,0,0,0,0,0,0,1,0,0,0,0,0,0,1,Trinket,Uaanta's Blaster IV (Destiny),http://forums2.battleon.com/f/fb.asp?m=22395363
Uaanta's Blaster IV (Doom),90,Evil,10,10,10,8,8,0,0,12,12,5,5,5,5,5,5,0,0,0,0,0,0,0,10,0,0,5,0,0,5,0,10,0,0,0,0,0,0,0,0,0,0,0,0,0,0,10,0,0,5,0,0,5,0,10,0,0,0,0,0,0,0,0,1,0,0,0,0,0,0,1,Trinket,Uaanta's Blaster IV (Doom),http://forums2.battleon.com/f/fb.asp?m=22395367
Uaanta's Blaster III (Destiny),60,Good,0,0,0,4,4,10,10,8,8,4,4,4,4,4,4,0,0,0,0,0,0,0,7,0,0,4,0,0,4,0,7,0,0,0,0,0,0,0,0,0,0,0,0,0,0,7,0,0,4,0,0,4,0,7,0,0,0,0,0,0,0,0,1,0,0,0,0,0,0,1,Trinket,Uaanta's Blaster III (Destiny),http://forums2.battleon.com/f/fb.asp?m=22395362
Uaanta's Blaster III (Doom),60,Evil,7,7,7,4,4,0,0,8,8,4,4,4,4,4,4,0,0,0,0,0,0,0,7,0,0,4,0,0,4,0,7,0,0,0,0,0,0,0,0,0,0,0,0,0,0,7,0,0,4,0,0,4,0,7,0,0,0,0,0,0,0,0,1,0,0,0,0,0,0,1,Trinket,Uaanta's Blaster III (Doom),http://forums2.battleon.com/f/fb.asp?m=22395366
Uaanta's Blaster II (Destiny),40,Good,0,0,0,2,2,5,5,7,7,3,3,3,3,3,3,0,0,0,0,0,0,0,5,0,0,3,0,0,3,0,5,0,0,0,0,0,0,0,0,0,0,0,0,0,0,5,0,0,3,0,0,3,0,5,0,0,0,0,0,0,0,0,1,0,0,0,0,0,0,1,Trinket,Uaanta's Blaster II (Destiny),http://forums2.battleon.com/f/fb.asp?m=22395361
Uaanta's Blaster II (Doom),40,Evil,3,3,3,2,2,0,0,7,7,3,3,3,3,3,3,0,0,0,0,0,0,0,5,0,0,3,0,0,3,0,5,0,0,0,0,0,0,0,0,0,0,0,0,0,0,5,0,0,3,0,0,3,0,5,0,0,0,0,0,0,0,0,1,0,0,0,0,0,0,1,Trinket,Uaanta's Blaster II (Doom),http://forums2.battleon.com/f/fb.asp?m=22395365
Uaanta's Blaster I (Destiny),20,Good,0,0,0,1,1,3,3,5,5,1,1,1,1,1,1,0,0,0,0,0,0,0,5,0,0,2,0,0,2,0,5,0,0,0,0,0,0,0,0,0,0,0,0,0,0,5,0,0,2,0,0,2,0,5,0,0,0,0,0,0,0,0,0,0,0,0,0,0,0,1,Trinket,Uaanta's Blaster I (Destiny),http://forums2.battleon.com/f/fb.asp?m=22395360
Uaanta's Blaster I (Doom),20,Evil,2,2,2,1,1,0,0,5,5,1,1,1,1,1,1,0,0,0,0,0,0,0,5,0,0,2,0,0,2,0,5,0,0,0,0,0,0,0,0,0,0,0,0,0,0,5,0,0,2,0,0,2,0,5,0,0,0,0,0,0,0,0,0,0,0,0,0,0,0,1,Trinket,Uaanta's Blaster I (Doom),http://forums2.battleon.com/f/fb.asp?m=22395364
Dragon's Bulwark,55,Good,6,6,6,0,0,15,15,5,5,5,5,5,5,5,5,3,0,-3,0,0,0,0,5,0,0,0,0,0,0,0,5,0,0,0,0,0,0,0,0,3,0,3,3,3,3,8,3,3,3,3,3,3,3,8,3,3,3,3,3,3,3,3,1,2,0,0,0,0,0,0,Artifact,Dragon's Bulwark,http://forums2.battleon.com/f/fb.asp?m=22393345
Dragon's Wrath,55,Good,10,10,10,0,0,2,2,5,5,2,2,2,2,2,2,3,0,-3,0,0,0,0,5,0,0,0,0,0,0,0,5,0,0,0,0,0,0,0,0,3,0,3,3,3,3,8,3,3,3,3,3,3,3,8,3,3,3,3,3,3,3,3,1,2,0,0,0,0,0,0,Artifact,Dragon's Wrath,http://forums2.battleon.com/f/fb.asp?m=22393342
Carved Dragon Scale V,90,Darkness,0,0,0,0,20,5,5,5,5,5,5,5,0,0,0,0,0,0,0,0,0,0,1,0,0,0,0,0,0,0,0,0,1,0,0,0,0,0,0,0,0,0,0,0,0,1,0,0,0,0,0,0,0,0,0,1,0,0,0,0,0,0,2,2,0,0,0,0,0,0,Trinket,Carved Dragon Scale V,http://forums2.battleon.com/f/fb.asp?m=22391403
Carved Dragon Scale IV,80,Darkness,0,0,0,0,17,4,4,3,3,4,4,4,0,0,0,0,0,0,0,0,0,0,0,0,0,0,0,0,0,0,0,0,0,0,0,0,0,0,0,0,0,0,0,0,0,0,0,0,0,0,0,0,0,0,0,0,0,0,0,0,0,0,2,2,0,0,0,0,0,0,Trinket,Carved Dragon Scale IV,http://forums2.battleon.com/f/fb.asp?m=22391402
Carved Dragon Scale III,70,Darkness,0,0,0,0,15,3,3,2,2,3,3,3,0,0,0,0,0,0,0,0,0,0,0,0,0,0,0,0,0,0,0,0,0,0,0,0,0,0,0,0,0,0,0,0,0,0,0,0,0,0,0,0,0,0,0,0,0,0,0,0,0,0,2,2,0,0,0,0,0,0,Trinket,Carved Dragon Scale III,http://forums2.battleon.com/f/fb.asp?m=22391401
Carved Dragon Scale II,60,Darkness,0,0,0,0,12,2,2,1,1,2,2,2,0,0,0,0,0,0,0,0,0,0,0,0,0,0,0,0,0,0,0,0,0,0,0,0,0,0,0,0,0,0,0,0,0,0,0,0,0,0,0,0,0,0,0,0,0,0,0,0,0,0,2,2,0,0,0,0,0,0,Trinket,Carved Dragon Scale II,http://forums2.battleon.com/f/fb.asp?m=22391400
Carved Dragon Scale I,30,Darkness,0,0,0,0,10,1,1,1,1,1,1,1,0,0,0,0,0,0,0,0,0,0,0,0,0,0,0,0,0,0,0,0,0,0,0,0,0,0,0,0,0,0,0,0,0,0,0,0,0,0,0,0,0,0,0,0,0,0,0,0,0,0,0,2,0,0,0,0,0,0,Trinket,Carved Dragon Scale I,http://forums2.battleon.com/f/fb.asp?m=22391399
Uaanta's Blaster IV (Amalgam),90,Fear,0,0,0,15,15,8,8,12,12,5,5,5,5,5,5,0,0,0,0,0,0,0,10,0,0,5,0,0,5,0,10,0,0,0,0,0,0,0,0,0,0,0,0,0,0,10,0,0,5,0,0,5,0,10,0,0,0,0,0,0,0,0,1,1,0,0,0,0,0,1,Trinket,Uaanta's Blaster IV (Amalgam),http://forums2.battleon.com/f/fb.asp?m=22390408
Uaanta's Blaster III (Amalgam),60,Fear,0,0,0,10,10,4,4,8,8,4,4,4,4,4,4,0,0,0,0,0,0,0,7,0,0,4,0,0,4,0,7,0,0,0,0,0,0,0,0,0,0,0,0,0,0,7,0,0,4,0,0,4,0,7,0,0,0,0,0,0,0,0,1,1,0,0,0,0,0,1,Trinket,Uaanta's Blaster III (Amalgam),http://forums2.battleon.com/f/fb.asp?m=22390407
Uaanta's Blaster II (Amalgam),40,Fear,0,0,0,5,5,2,2,7,7,3,3,3,3,3,3,0,0,0,0,0,0,0,5,0,0,3,0,0,3,0,5,0,0,0,0,0,0,0,0,0,0,0,0,0,0,5,0,0,3,0,0,3,0,5,0,0,0,0,0,0,0,0,1,1,0,0,0,0,0,1,Trinket,Uaanta's Blaster II (Amalgam),http://forums2.battleon.com/f/fb.asp?m=22390406
Uaanta's Blaster I (Amalgam),20,Fear,0,0,0,3,3,1,1,5,5,1,1,1,1,1,1,0,0,0,0,0,0,0,5,0,0,2,0,0,2,0,5,0,0,0,0,0,0,0,0,0,0,0,0,0,0,5,0,0,2,0,0,2,0,5,0,0,0,0,0,0,0,0,0,1,0,0,0,0,0,1,Trinket,Uaanta's Blaster I (Amalgam),http://forums2.battleon.com/f/fb.asp?m=22390405
Summon Gem - Illumina EX,25,Light,5,5,5,5,5,0,0,10,10,0,0,0,0,0,0,0,0,0,0,0,0,0,0,0,0,0,0,0,0,0,0,0,0,0,0,0,0,0,0,0,0,0,0,0,0,0,0,0,0,0,0,0,0,0,0,0,0,0,0,0,0,0,1,1,0,0,0,0,0,1,Trinket,Summon Gem - Illumina EX,http://forums2.battleon.com/f/fb.asp?m=22381717
Summon Gem - Intaym EX,25,???,5,5,5,5,0,0,5,0,0,5,5,5,5,5,5,0,0,0,0,0,0,0,0,0,0,0,0,0,0,0,0,0,0,0,0,0,0,0,0,0,0,0,0,0,0,0,0,0,0,0,0,0,0,0,0,0,0,0,0,0,0,0,1,1,0,0,0,0,0,1,Trinket,Summon Gem - Intaym EX,http://forums2.battleon.com/f/fb.asp?m=22381718
Inert Summon Gem - Illumina EX,0,Light,5,5,5,0,0,5,5,10,10,0,0,0,0,0,0,0,0,0,0,0,0,0,0,0,0,0,0,0,0,0,0,0,0,0,0,0,0,0,0,0,0,0,0,0,0,0,0,0,0,0,0,0,0,0,0,0,0,0,0,0,0,0,1,1,0,0,0,0,0,0,Trinket,Inert Summon Gem - Illumina EX,http://forums2.battleon.com/f/fb.asp?m=22381716
Warped Summon Gem - Intaym,0,???,5,5,5,5,0,0,5,0,0,5,5,5,5,5,5,0,0,0,0,0,0,0,0,0,0,0,0,0,0,0,0,0,0,0,0,0,0,0,0,0,0,0,0,0,0,0,0,0,0,0,0,0,0,0,0,0,0,0,0,0,0,0,1,1,0,0,0,0,0,0,Trinket,Warped Summon Gem - Intaym,http://forums2.battleon.com/f/fb.asp?m=22381705
Summon Gem - Roktoru EX,25,Stone,0,0,0,0,0,15,0,0,0,0,0,0,5,5,5,0,0,0,0,0,0,0,0,0,0,0,0,0,0,0,0,0,0,0,0,0,0,0,0,0,0,0,0,0,0,0,0,0,0,0,0,0,0,0,0,0,0,0,0,0,0,0,1,1,0,0,0,0,0,1,Trinket,Summon Gem - Roktoru EX,http://forums2.battleon.com/f/fb.asp?m=22378350
Summon Gem - Ricterild EX,25,Light,10,10,10,0,5,0,0,5,5,5,5,5,0,0,0,0,0,0,0,0,0,0,0,0,0,0,0,0,0,0,0,0,0,0,0,0,0,0,0,0,0,0,0,0,0,0,0,0,0,0,0,0,0,0,0,0,0,0,0,0,0,0,1,1,0,0,0,0,0,1,Trinket,Summon Gem - Ricterild EX,http://forums2.battleon.com/f/fb.asp?m=22378351
Inert Summon Gem - Roktoru EX,0,Stone,0,0,0,0,0,15,0,0,0,0,0,0,5,5,5,0,0,0,0,0,0,0,0,0,0,0,0,0,0,0,0,0,0,0,0,0,0,0,0,0,0,0,0,0,0,0,0,0,0,0,0,0,0,0,0,0,0,0,0,0,0,0,1,1,0,0,0,0,0,0,Trinket,Inert Summon Gem - Roktoru EX,http://forums2.battleon.com/f/fb.asp?m=22378347
Inert Summon Gem - Ricterild EX,0,Light,10,10,10,0,5,0,0,5,5,5,5,5,0,0,0,0,0,0,0,0,0,0,0,0,0,0,0,0,0,0,0,0,0,0,0,0,0,0,0,0,0,0,0,0,0,0,0,0,0,0,0,0,0,0,0,0,0,0,0,0,0,0,1,1,0,0,0,0,0,0,Trinket,Inert Summon Gem - Ricterild EX,http://forums2.battleon.com/f/fb.asp?m=22378349
Inert Summon Gem - Reaver EX,0,Darkness,5,5,5,0,0,5,5,10,10,0,0,0,0,0,0,0,0,0,0,0,0,0,0,0,0,0,0,0,0,0,0,0,0,0,0,0,0,0,0,0,0,0,0,0,0,0,0,0,0,0,0,0,0,0,0,0,0,0,0,0,0,0,1,1,0,0,0,0,0,0,Trinket,Inert Summon Gem - Reaver EX,http://forums2.battleon.com/f/fb.asp?m=22376518
Shattered Summon Gem - Ayauhnqui,0,Energy,0,0,0,5,5,5,5,0,0,5,5,5,5,5,5,0,0,0,0,0,0,0,0,0,0,0,0,0,0,0,0,0,0,0,0,0,0,0,0,0,0,0,0,0,0,0,0,0,0,0,0,0,0,0,0,0,0,0,0,0,0,0,1,1,0,0,0,0,0,0,Trinket,Shattered Summon Gem - Ayauhnqui,http://forums2.battleon.com/f/fb.asp?m=22376517
Summon Gem - Reaver EX,25,Darkness,5,5,5,0,0,5,5,10,10,0,0,0,0,0,0,0,0,0,0,0,0,0,0,0,0,0,0,0,0,0,0,0,0,0,0,0,0,0,0,0,0,0,0,0,0,0,0,0,0,0,0,0,0,0,0,0,0,0,0,0,0,0,1,1,0,0,0,0,0,1,Trinket,Summon Gem - Reaver EX,http://forums2.battleon.com/f/fb.asp?m=22376495
Summon Gem - Ayauhnqui EX,25,Energy,0,0,0,5,5,5,5,0,0,5,5,5,5,5,5,0,0,0,0,0,0,0,0,0,0,0,0,0,0,0,0,0,0,0,0,0,0,0,0,0,0,0,0,0,0,0,0,0,0,0,0,0,0,0,0,0,0,0,0,0,0,0,1,1,0,0,0,0,0,1,Trinket,Summon Gem - Ayauhnqui EX,http://forums2.battleon.com/f/fb.asp?m=22376498
The Corrupted Seven,60,Evil,8,8,8,5,5,5,5,5,5,0,0,0,0,0,0,4,0,-4,0,0,0,0,0,0,0,0,0,0,0,0,0,0,0,0,0,0,0,0,0,4,0,4,4,4,4,4,4,4,4,4,4,4,4,4,4,4,4,4,4,4,4,4,1,0,0,0,0,0,0,1,Trinket,The Corrupted Seven,http://forums2.battleon.com/f/fb.asp?m=22375031
Uaanta's Blaster I (Charging),20,Wind,0,0,0,3,3,1,1,3,3,1,1,1,1,1,1,0,0,0,0,0,0,0,3,0,0,0,0,0,0,0,3,0,0,0,0,0,0,0,0,0,0,0,0,0,0,3,0,0,0,0,0,0,0,3,0,0,0,0,0,0,0,0,0,0,0,0,0,0,0,0,Trinket,Uaanta's Blaster I (Charging),http://forums2.battleon.com/f/fb.asp?m=22373245
Uaanta's Blaster II (Charging),40,Wind,0,0,0,4,4,2,2,5,5,3,3,3,3,3,3,0,0,0,0,0,0,0,5,0,0,0,0,0,0,0,5,0,0,0,0,0,0,0,0,0,0,0,0,0,0,5,0,0,0,0,0,0,0,5,0,0,0,0,0,0,0,0,1,0,0,0,0,0,0,0,Trinket,Uaanta's Blaster II (Charging),http://forums2.battleon.com/f/fb.asp?m=22373246
Uaanta's Blaster III (Charging),60,Wind,0,0,0,8,8,4,4,6,6,4,4,4,4,4,4,0,0,0,0,0,0,0,7,0,0,0,0,0,0,0,7,0,0,0,0,0,0,0,0,0,0,0,0,0,0,7,0,0,0,0,0,0,0,7,0,0,0,0,0,0,0,0,1,0,0,0,0,0,0,0,Trinket,Uaanta's Blaster III (Charging),http://forums2.battleon.com/f/fb.asp?m=22373247
Uaanta's Blaster IV (Charging),90,Wind,0,0,0,12,12,8,8,10,10,5,5,5,5,5,5,0,0,0,0,0,0,0,10,0,0,0,0,0,0,0,10,0,0,0,0,0,0,0,0,0,0,0,0,0,0,10,0,0,0,0,0,0,0,10,0,0,0,0,0,0,0,0,1,0,0,0,0,0,0,0,Trinket,Uaanta's Blaster IV (Charging),http://forums2.battleon.com/f/fb.asp?m=22373248
Vaal's Ego,1,Fire,6,6,6,6,6,6,6,10,10,0,0,0,0,0,0,0,0,0,0,0,0,0,0,0,0,0,0,0,0,0,0,0,0,0,0,0,0,0,0,0,0,0,0,0,0,0,0,0,0,0,0,0,0,0,0,0,0,0,0,0,0,0,0,1,0,0,0,0,0,1,Trinket,Vaal's Ego,http://forums2.battleon.com/f/fb.asp?m=22342750
Uaanta's Blaster I (Uncharged),20,Wind,0,0,0,3,3,1,1,3,3,0,0,0,0,0,0,0,0,0,0,0,0,0,0,0,0,0,0,0,0,0,3,0,0,0,0,0,0,0,0,0,0,0,0,0,0,0,0,0,0,0,0,0,0,3,0,0,0,0,0,0,0,0,0,0,0,0,0,0,0,0,Trinket,Uaanta's Blaster I (Uncharged),http://forums2.battleon.com/f/fb.asp?m=22334794
Uaanta's Blaster II (Uncharged),40,Wind,0,0,0,4,4,2,2,5,5,0,0,0,0,0,0,0,0,0,0,0,0,0,0,0,0,0,0,0,0,0,5,0,0,0,0,0,0,0,0,0,0,0,0,0,0,0,0,0,0,0,0,0,0,5,0,0,0,0,0,0,0,0,1,0,0,0,0,0,0,0,Trinket,Uaanta's Blaster II (Uncharged),http://forums2.battleon.com/f/fb.asp?m=22334797
Uaanta's Blaster III (Uncharged),60,Wind,0,0,0,8,8,4,4,6,6,0,0,0,0,0,0,0,0,0,0,0,0,0,0,0,0,0,0,0,0,0,7,0,0,0,0,0,0,0,0,0,0,0,0,0,0,0,0,0,0,0,0,0,0,7,0,0,0,0,0,0,0,0,1,0,0,0,0,0,0,0,Trinket,Uaanta's Blaster III (Uncharged),http://forums2.battleon.com/f/fb.asp?m=22334798
Uaanta's Blaster IV (Uncharged),90,Wind,0,0,0,12,12,8,8,10,10,0,0,0,0,0,0,0,0,0,0,0,0,0,0,0,0,0,0,0,0,0,10,0,0,0,0,0,0,0,0,0,0,0,0,0,0,0,0,0,0,0,0,0,0,10,0,0,0,0,0,0,0,0,1,0,0,0,0,0,0,0,Trinket,Uaanta's Blaster IV (Uncharged),http://forums2.battleon.com/f/fb.asp?m=22334799
"""Lucky"" Wishbone",1,Darkness,0,0,0,0,3,0,0,1,0,0,0,0,0,0,0,0,0,0,0,0,0,0,0,0,0,0,0,0,0,0,0,0,0,0,0,0,0,0,0,0,0,0,0,0,0,0,0,0,0,0,0,0,0,0,0,0,0,0,0,0,0,0,1,1,1,0,0,0,0,0,Trinket,"""Lucky"" Wishbone",http://forums2.battleon.com/f/fb.asp?m=19281951
Ace of Clubs,50,Stone,0,0,0,0,0,0,0,4,6,0,0,0,0,0,5,0,0,0,0,0,0,0,0,0,0,0,0,0,0,0,0,0,0,0,0,0,0,0,10,0,0,0,0,0,0,0,0,0,0,0,0,0,0,0,0,0,0,0,0,0,0,10,1,0,0,0,0,0,0,0,Trinket,Ace of Clubs,http://forums2.battleon.com/f/fb.asp?m=17759289
Ace of Diamonds,50,Wind,0,0,0,0,0,0,10,0,0,0,0,0,0,0,5,0,0,0,0,0,0,0,0,0,0,0,0,0,0,0,0,0,0,0,0,0,10,0,0,0,0,0,0,0,0,0,0,0,0,0,0,0,0,0,0,0,0,0,0,10,0,0,1,0,0,0,0,0,0,0,Trinket,Ace of Diamonds,http://forums2.battleon.com/f/fb.asp?m=17759276
Ace of Hearts,50,Fire,0,0,0,0,0,0,0,6,4,0,0,0,0,0,5,0,0,0,0,0,0,0,0,0,0,0,0,0,0,10,0,0,0,0,0,0,0,0,0,0,0,0,0,0,0,0,0,0,0,0,0,0,10,0,0,0,0,0,0,0,0,0,1,0,0,0,0,0,0,0,Trinket,Ace of Hearts,http://forums2.battleon.com/f/fb.asp?m=17759259
Ace of Spades,50,Water,0,0,0,0,0,10,0,0,0,0,0,0,0,0,5,0,0,0,0,0,0,0,0,0,10,0,0,0,0,0,0,0,0,0,0,0,0,0,0,0,0,0,0,0,0,0,0,10,0,0,0,0,0,0,0,0,0,0,0,0,0,0,1,0,0,0,0,0,0,0,Trinket,Ace of Spades,http://forums2.battleon.com/f/fb.asp?m=17759255
Bacon Storm,25,Bacon,0,0,0,0,3,0,0,0,0,1,1,1,0,0,0,0,0,0,0,0,0,0,0,0,0,0,0,0,0,0,0,0,0,0,0,0,0,0,0,0,0,0,0,0,0,0,0,0,0,0,0,0,0,0,0,0,0,0,0,0,0,0,1,0,0,0,0,0,0,1,Trinket,Bacon Storm,http://forums2.battleon.com/f/fb.asp?m=15998241
Beacon of Hope,10,Light,0,0,0,0,0,0,0,0,0,1,1,1,0,0,0,0,0,0,0,0,0,0,0,0,0,0,0,0,0,0,0,0,0,0,0,0,0,0,0,0,0,0,0,0,0,0,0,0,0,0,0,0,0,0,0,0,0,0,0,0,0,0,1,0,0,0,0,0,0,1,Trinket,Beacon of Hope,http://forums2.battleon.com/f/fb.asp?m=16140842
Blinded by Love,5,Fire,0,0,0,0,0,0,0,2,0,0,0,0,0,0,0,0,0,0,0,0,0,0,0,0,0,0,0,0,0,0,0,0,0,0,0,0,0,0,0,0,0,0,0,0,0,0,0,0,0,0,0,0,0,0,0,0,0,0,0,0,0,0,1,1,0,1,0,0,0,1,Trinket,Blinded by Love,http://forums2.battleon.com/f/fb.asp?m=17285912
Blue Box I,10,Energy,0,0,0,0,0,0,0,2,0,1,1,1,0,0,0,0,0,0,0,0,0,0,0,0,0,0,0,0,0,0,0,0,0,0,0,0,0,0,0,0,0,0,0,0,0,0,0,0,0,0,0,0,0,0,0,0,0,0,0,0,0,0,1,0,1,0,0,0,0,1,Trinket,Blue Box I,http://forums2.battleon.com/f/fb.asp?m=18824753
Blue Box II,30,Energy,2,2,2,0,0,3,0,4,0,4,4,4,0,0,0,0,0,0,0,0,0,0,0,0,0,0,0,0,0,0,0,0,0,0,0,0,0,0,0,0,0,0,0,0,0,0,0,0,0,0,0,0,0,0,0,0,0,0,0,0,0,0,1,0,1,0,0,0,0,1,Trinket,Blue Box II,http://forums2.battleon.com/f/fb.asp?m=18825653
Blue Box III,50,Energy,2,2,2,0,0,5,0,4,6,4,4,4,0,0,5,0,0,0,0,0,0,0,0,0,0,0,0,0,0,0,0,0,0,0,0,0,0,0,0,0,0,0,0,0,0,0,0,0,0,0,0,0,0,0,0,0,0,0,0,0,0,0,1,0,1,0,0,0,0,1,Trinket,Blue Box III,http://forums2.battleon.com/f/fb.asp?m=18825654
BOOM-Voice Brew,30,Energy,2,2,2,0,0,3,0,4,0,4,4,4,0,0,0,0,0,0,0,0,0,0,0,0,0,0,0,0,0,0,0,0,0,0,0,0,0,0,0,0,0,0,0,0,0,0,0,0,0,0,0,0,0,0,0,0,0,0,0,0,0,0,1,0,0,0,1,0,0,1,Trinket,BOOM-Voice Brew,http://forums2.battleon.com/f/fb.asp?m=18992185
Booty Sniffer,5,Water,0,0,0,0,0,0,0,0,0,0,0,0,0,0,0,0,0,0,0,0,0,0,0,0,0,0,0,0,0,0,0,0,0,0,0,0,0,10,0,0,0,0,0,0,0,0,0,0,0,0,0,0,0,0,0,0,0,0,0,0,10,0,0,1,1,0,0,0,0,1,Trinket,Booty Sniffer,http://forums2.battleon.com/f/fb.asp?m=21818652
Booty Sniffer,5,Wind,0,0,0,0,0,0,0,0,0,0,0,0,0,0,0,0,0,0,0,0,0,0,0,0,0,0,0,0,0,0,0,0,0,0,0,0,0,0,10,0,0,0,0,0,0,0,0,0,0,0,0,0,0,0,0,0,0,0,0,0,0,10,0,1,1,0,0,0,0,1,Trinket,Booty Sniffer,http://forums2.battleon.com/f/fb.asp?m=21818657
Bottled Wind,15,Wind,0,0,0,0,0,0,0,0,0,0,0,0,0,0,1,0,0,0,0,0,0,0,0,0,0,0,0,0,0,0,0,0,0,0,0,0,0,0,0,0,0,0,0,0,0,0,0,0,0,0,0,0,0,0,0,0,0,0,0,0,0,0,1,0,0,0,0,0,0,0,Trinket,Bottled Wind,http://forums2.battleon.com/f/fb.asp?m=15387140
Chi Blast,5,Wind,0,0,0,0,0,0,0,0,0,0,0,0,0,0,0,0,0,0,0,0,0,0,0,0,0,0,0,0,0,0,0,0,0,0,0,0,0,0,0,0,0,0,0,0,0,0,0,0,0,0,0,0,0,0,0,0,0,0,0,0,0,0,1,1,0,0,0,0,0,1,Trinket,Chi Blast,http://forums2.battleon.com/f/fb.asp?m=15676451
Chocobunny Storm,5,Nature,0,7,0,5,0,0,0,2,0,0,0,0,0,0,0,0,0,0,0,0,0,0,0,0,0,0,0,0,0,0,0,0,0,0,0,0,0,0,0,0,0,0,0,0,0,0,0,0,0,0,0,0,0,0,0,0,0,0,0,0,0,0,1,1,1,0,0,0,0,1,Trinket,Chocobunny Storm,http://forums2.battleon.com/f/fb.asp?m=15865167
Chocobunny Storm,5,Nature,0,7,0,5,0,0,0,2,0,0,0,0,0,0,0,0,0,0,0,0,0,0,0,0,0,0,0,0,0,0,0,0,0,0,0,0,0,0,0,0,0,0,0,0,0,0,0,0,0,0,0,0,0,0,0,0,0,0,0,0,0,0,1,0,1,0,0,0,0,1,Trinket,Chocobunny Storm,http://forums2.battleon.com/f/fb.asp?m=21984873
Crogen Amulet,40,Nature,0,0,0,0,0,3,3,0,0,4,4,4,0,0,0,0,0,0,0,0,0,0,0,0,0,0,0,0,0,0,0,0,0,0,0,0,0,0,0,0,0,0,0,0,0,0,0,0,0,0,0,0,0,0,0,0,0,0,0,0,0,0,1,0,0,0,0,0,0,1,Trinket,Crogen Amulet,http://forums2.battleon.com/f/fb.asp?m=17767187
Crystal Focus,15,Light,0,0,0,0,0,0,0,0,1,0,0,0,0,0,0,0,0,0,0,0,0,0,0,0,0,0,0,0,0,0,0,0,0,0,0,0,0,0,0,0,0,0,0,0,0,0,0,0,0,0,0,0,0,0,0,0,0,0,0,0,0,0,1,0,0,0,0,0,0,0,Trinket,Crystal Focus,http://forums2.battleon.com/f/fb.asp?m=15387100
Defender Cannon Mk. I,30,None,2,2,2,0,0,2,2,2,2,0,0,0,0,0,0,0,0,0,0,0,0,0,0,0,0,0,0,0,0,0,0,0,0,0,0,0,0,0,0,0,0,0,0,0,0,0,0,0,0,0,0,0,0,0,0,0,0,0,0,0,0,0,1,0,0,0,1,0,0,1,Trinket,Defender Cannon Mk. I,http://forums2.battleon.com/f/fb.asp?m=21910606
Defender Cannon Mk. II,40,None,4,4,4,0,0,4,4,6,6,0,0,0,0,0,0,0,0,0,0,0,0,0,0,0,0,0,0,0,0,0,0,0,0,0,0,0,0,0,0,0,0,0,0,0,0,0,0,0,0,0,0,0,0,0,0,0,0,0,0,0,0,0,1,0,0,0,1,0,0,1,Trinket,Defender Cannon Mk. II,http://forums2.battleon.com/f/fb.asp?m=21914409
Defender Cannon Mk. III,50,None,6,6,6,0,0,6,6,8,8,1,1,1,0,0,0,0,0,0,0,0,0,0,0,0,0,0,0,0,0,0,0,5,0,0,0,0,0,0,0,0,0,0,0,0,0,0,0,0,0,0,0,0,0,0,5,0,0,0,0,0,0,0,1,0,0,0,1,0,0,1,Trinket,Defender Cannon Mk. III,http://forums2.battleon.com/f/fb.asp?m=21914791
Defender Cannon Mk. IV,60,None,7,7,7,0,0,6,6,8,8,1,1,1,1,0,0,0,0,0,0,0,0,0,0,0,0,0,0,0,0,0,0,7,0,0,0,0,0,0,0,0,0,0,0,0,0,0,0,0,0,0,0,0,0,0,7,0,0,0,0,0,0,0,1,0,0,0,1,0,0,1,Trinket,Defender Cannon Mk. IV,http://forums2.battleon.com/f/fb.asp?m=21914831
Dragon's Patience,25,Good,6,6,6,0,0,2,2,4,5,2,2,2,0,0,0,0,0,0,0,0,0,0,5,0,0,0,0,0,0,0,5,0,0,0,0,0,0,0,0,0,0,0,0,0,0,5,0,0,0,0,0,0,0,5,0,0,0,0,0,0,0,0,1,2,0,0,0,0,0,0,Artifact,Dragon's Patience,http://forums2.battleon.com/f/fb.asp?m=22265929
Dragon's Rage,25,Good,6,6,6,0,0,2,2,4,5,2,2,2,0,0,0,0,0,0,0,0,0,0,5,0,0,0,0,0,0,0,5,0,0,0,0,0,0,0,0,0,0,0,0,0,0,5,0,0,0,0,0,0,0,5,0,0,0,0,0,0,0,0,1,2,0,0,0,0,0,0,Artifact,Dragon's Rage,http://forums2.battleon.com/f/fb.asp?m=22265952
DragonFable Friends,1,Good,0,0,0,0,3,0,0,1,0,0,0,0,0,0,0,0,0,0,0,0,0,0,0,0,0,0,0,0,0,0,0,0,0,0,0,0,0,0,0,0,0,0,0,0,0,0,0,0,0,0,0,0,0,0,0,0,0,0,0,0,0,0,0,1,1,0,0,0,1,1,Trinket,DragonFable Friends,http://forums2.battleon.com/f/fb.asp?m=20323184
Earthern Fortitude,15,Stone,0,0,0,0,0,2,0,0,0,0,0,0,0,0,0,0,0,0,0,0,0,0,0,0,0,0,0,0,0,0,0,0,0,0,0,0,0,0,0,0,0,0,0,0,0,0,0,0,0,0,0,0,0,0,0,0,0,0,0,0,0,0,1,0,0,0,0,0,0,0,Trinket,Earthern Fortitude,http://forums2.battleon.com/f/fb.asp?m=15386834
Elemental Unity,5,Good,7,7,7,5,0,0,0,2,0,0,0,0,0,0,0,0,0,0,0,0,0,0,0,0,0,0,0,0,0,0,0,0,0,0,0,0,0,0,0,0,0,0,0,0,0,0,0,0,0,0,0,0,0,0,0,0,0,0,0,0,0,0,0,1,0,0,0,0,1,1,Trinket,Elemental Unity,http://forums2.battleon.com/f/fb.asp?m=19679011
Elemental Unity Defender I,10,Good,7,7,7,5,0,0,0,2,1,1,1,1,0,0,0,1,0,0,0,0,0,0,0,0,0,0,0,0,0,0,0,0,0,0,0,0,0,0,0,1,1,1,1,1,1,1,1,1,1,1,1,1,1,1,1,1,1,1,1,1,1,1,0,1,0,0,1,0,1,1,Trinket,Elemental Unity Defender I,http://forums2.battleon.com/f/fb.asp?m=19769625
Elemental Unity Defender II,15,Good,7,7,7,5,1,0,0,3,2,2,2,2,0,0,0,1,0,0,0,0,0,0,0,0,0,0,0,0,0,0,0,0,0,0,0,0,0,0,0,1,1,1,1,1,1,1,1,1,1,1,1,1,1,1,1,1,1,1,1,1,1,1,0,1,0,0,1,0,1,1,Trinket,Elemental Unity Defender II,http://forums2.battleon.com/f/fb.asp?m=19775268
Elemental Unity Defender III,20,Good,7,7,7,5,2,0,0,3,3,3,3,3,1,0,0,2,0,0,0,0,0,0,0,0,0,0,0,0,0,0,0,0,0,0,0,0,0,0,0,2,2,2,2,2,2,2,2,2,2,2,2,2,2,2,2,2,2,2,2,2,2,2,0,1,0,0,1,0,1,1,Trinket,Elemental Unity Defender III,http://forums2.battleon.com/f/fb.asp?m=19775269
Elemental Unity Defender IV,25,Good,7,7,7,5,3,0,0,4,3,4,4,4,1,0,0,2,0,0,0,0,0,0,0,0,0,0,0,0,0,0,0,0,0,0,0,0,0,0,0,2,2,2,2,2,2,2,2,2,2,2,2,2,2,2,2,2,2,2,2,2,2,2,0,1,0,0,1,0,1,1,Trinket,Elemental Unity Defender IV,http://forums2.battleon.com/f/fb.asp?m=19775270
Elemental Unity Defender V,30,Good,7,7,7,5,3,0,0,4,4,4,4,4,1,0,0,3,0,-1,0,0,0,0,0,0,0,0,0,0,0,0,0,0,0,0,0,0,0,0,0,3,2,3,3,3,3,3,3,3,3,3,3,3,3,3,3,3,3,3,3,3,3,3,0,1,0,0,1,0,1,1,Trinket,Elemental Unity Defender V,http://forums2.battleon.com/f/fb.asp?m=19775273
Elemental Unity Defender VI,35,Good,7,7,7,5,4,0,0,5,4,5,5,5,1,0,0,3,0,-1,0,0,0,0,0,0,0,0,0,0,0,0,0,0,0,0,0,0,0,0,0,3,2,3,3,3,3,3,3,3,3,3,3,3,3,3,3,3,3,3,3,3,3,3,0,1,0,0,1,0,1,1,Trinket,Elemental Unity Defender VI,http://forums2.battleon.com/f/fb.asp?m=20008709
Elemental Unity Defender VII,40,Good,7,7,7,5,4,1,1,5,4,5,5,5,1,0,0,3,0,-1,0,0,0,0,0,0,0,0,0,0,0,0,0,0,0,0,0,0,0,0,0,3,2,3,3,3,3,3,3,3,3,3,3,3,3,3,3,3,3,3,3,3,3,3,0,1,0,0,1,0,1,1,Trinket,Elemental Unity Defender VII,http://forums2.battleon.com/f/fb.asp?m=20012098
Elemental Unity Defender VIII,45,Good,7,7,7,5,4,2,2,5,4,5,5,5,1,0,0,3,0,-2,0,0,0,0,0,0,0,0,0,0,0,0,0,0,0,0,0,0,0,0,0,3,1,3,3,3,3,3,3,3,3,3,3,3,3,3,3,3,3,3,3,3,3,3,0,1,0,0,1,0,1,1,Trinket,Elemental Unity Defender VIII,http://forums2.battleon.com/f/fb.asp?m=20499763
Elemental Unity Defender IX,50,Good,7,7,7,5,5,3,3,5,4,5,5,5,1,0,0,3,0,-2,0,0,0,0,0,0,0,0,0,0,0,0,0,0,0,0,0,0,0,0,0,3,1,3,3,3,3,3,3,3,3,3,3,3,3,3,3,3,3,3,3,3,3,3,0,1,0,0,1,0,1,1,Trinket,Elemental Unity Defender IX,http://forums2.battleon.com/f/fb.asp?m=20499770
Elemental Unity Defender X,55,Good,7,7,0,5,5,4,4,5,5,5,5,5,1,0,0,3,0,-3,0,0,0,0,0,0,0,0,0,0,0,0,0,0,0,0,0,0,0,0,0,3,0,3,3,3,3,3,3,3,3,3,3,3,3,3,3,3,3,3,3,3,3,3,0,1,0,0,1,0,1,1,Trinket,Elemental Unity Defender X,http://forums2.battleon.com/f/fb.asp?m=20499781
Elemental Unity Defender XI,60,Good,7,7,7,6,6,4,4,6,5,5,5,5,1,0,0,3,0,-4,0,0,0,0,0,0,0,0,0,0,0,0,0,0,0,0,0,0,0,0,0,3,-1,3,3,3,3,3,3,3,3,3,3,3,3,3,3,3,3,3,3,3,3,3,0,1,0,0,1,0,1,1,Trinket,Elemental Unity Defender XI,http://forums2.battleon.com/f/fb.asp?m=21348120
Elemental Unity Defender XII,65,Good,7,7,7,6,6,4,4,6,5,5,5,5,1,0,0,4,0,-5,0,0,0,0,0,0,0,0,0,0,0,0,0,0,0,0,0,0,0,0,0,4,-1,4,4,4,4,4,4,4,4,4,4,4,4,4,4,4,4,4,4,4,4,4,0,1,0,0,1,0,1,1,Trinket,Elemental Unity Defender XII,http://forums2.battleon.com/f/fb.asp?m=21348121
Elemental Unity Defender XIII,70,Good,7,7,7,6,6,5,5,6,5,5,5,5,1,0,0,4,0,-5,0,0,0,0,0,0,0,0,0,0,0,0,0,0,0,0,0,0,0,0,0,4,-1,4,4,4,4,4,4,4,4,4,4,4,4,4,4,4,4,4,4,4,4,4,0,1,0,0,1,0,1,1,Trinket,Elemental Unity Defender XIII,http://forums2.battleon.com/f/fb.asp?m=21713727
Elemental Unity Defender XIV,75,Good,7,7,7,6,6,5,5,6,6,5,5,5,2,0,1,5,0,-5,0,0,0,0,0,0,0,0,0,0,0,0,0,0,0,0,0,0,0,0,0,5,0,5,5,5,5,5,5,5,5,5,5,5,5,5,5,5,5,5,5,5,5,5,0,1,0,0,1,0,1,1,Trinket,Elemental Unity Defender XIV,http://forums2.battleon.com/f/fb.asp?m=21713729
Elemental Unity Defender XV,77,Good,7,7,7,6,6,5,6,6,7,5,5,5,2,1,1,5,0,-5,0,0,0,0,0,0,0,0,0,0,0,0,0,0,0,0,0,0,0,0,0,5,0,5,5,5,5,5,5,5,5,5,5,5,5,5,5,5,5,5,5,5,5,5,0,1,0,0,1,0,1,1,Trinket,Elemental Unity Defender XV,http://forums2.battleon.com/f/fb.asp?m=22058863
Embroidered Guard Tunic,15,Energy,0,0,0,0,0,0,0,0,0,0,0,0,0,0,0,0,4,0,0,0,0,0,0,0,0,0,0,0,0,0,0,0,0,0,0,0,0,0,0,4,0,0,0,0,0,0,0,0,0,0,0,0,0,0,0,0,0,0,0,0,0,0,1,0,0,0,0,0,0,0,Trinket,Embroidered Guard Tunic,http://forums2.battleon.com/f/fb.asp?m=19642068
Fireworks,5,None,2,2,2,0,0,0,0,0,2,-3,-3,-3,0,0,0,0,0,0,0,0,0,0,0,0,0,0,0,0,0,0,0,0,0,0,0,0,0,0,0,0,0,0,0,0,0,0,0,0,0,0,0,0,0,0,0,0,0,0,0,0,0,0,1,0,0,1,0,0,0,1,Trinket,Fireworks,http://forums2.battleon.com/f/fb.asp?m=16265631
"Five ""Lucky"" Wishbones",70,Darkness,6,6,6,0,14,0,0,8,8,0,0,0,4,0,4,0,0,0,0,0,0,0,0,0,0,0,0,0,0,0,12,0,0,0,0,0,0,0,0,0,0,0,0,0,0,0,0,0,0,0,0,0,0,12,0,0,0,0,0,0,0,0,1,1,1,0,0,0,0,0,Trinket,"Five ""Lucky"" Wishbones",http://forums2.battleon.com/f/fb.asp?m=21732705
"Five Found ""Lucky"" Wishbones",70,Darkness,6,6,6,0,14,0,0,8,8,0,0,0,4,0,4,0,0,0,0,0,0,0,0,0,0,0,0,0,0,0,12,0,0,0,0,0,0,0,0,0,0,0,0,0,0,0,0,0,0,0,0,0,0,12,0,0,0,0,0,0,0,0,1,0,1,0,0,0,0,0,Trinket,"Five Found ""Lucky"" Wishbones",http://forums2.battleon.com/f/fb.asp?m=21732710
"Found ""Lucky"" Wishbone",1,Darkness,0,0,0,0,3,0,0,1,0,0,0,0,0,0,0,0,0,0,0,0,0,0,0,0,0,0,0,0,0,0,0,0,0,0,0,0,0,0,0,0,0,0,0,0,0,0,0,0,0,0,0,0,0,0,0,0,0,0,0,0,0,0,1,0,1,0,0,0,0,0,Trinket,"Found ""Lucky"" Wishbone",http://forums2.battleon.com/f/fb.asp?m=19281767
"Four ""Lucky"" Wishbones",60,Darkness,4,4,4,0,10,0,0,6,6,0,0,0,2,0,2,0,0,0,0,0,0,0,0,0,0,0,0,0,0,0,10,0,0,0,0,0,0,0,0,0,0,0,0,0,0,0,0,0,0,0,0,0,0,10,0,0,0,0,0,0,0,0,1,1,1,0,0,0,0,0,Trinket,"Four ""Lucky"" Wishbones",http://forums2.battleon.com/f/fb.asp?m=19281978
"Four Found ""Lucky"" Wishbones",60,Darkness,4,4,4,0,10,0,0,6,6,0,0,0,2,0,2,0,0,0,0,0,0,0,0,0,0,0,0,0,0,0,10,0,0,0,0,0,0,0,0,0,0,0,0,0,0,0,0,0,0,0,0,0,0,10,0,0,0,0,0,0,0,0,1,0,1,0,0,0,0,0,Trinket,"Four Found ""Lucky"" Wishbones",http://forums2.battleon.com/f/fb.asp?m=19281956
Fry's Coffee,15,Energy,0,0,0,0,0,0,0,2,2,0,0,0,0,0,0,0,0,0,0,0,0,0,0,0,0,0,0,0,0,0,0,0,0,0,0,0,0,0,0,0,0,0,0,0,0,0,0,0,0,0,0,0,0,0,0,0,0,0,0,0,0,0,1,1,1,0,0,0,0,1,Trinket,Fry's Coffee,http://forums2.battleon.com/f/fb.asp?m=18822144
Guard Tunic,15,Energy,0,0,0,0,0,0,0,0,0,0,0,0,0,0,0,0,2,0,0,0,0,0,0,0,0,0,0,0,0,0,0,0,0,0,0,0,0,0,0,2,0,0,0,0,0,0,0,0,0,0,0,0,0,0,0,0,0,0,0,0,0,0,1,0,0,0,0,0,0,0,Trinket,Guard Tunic,http://forums2.battleon.com/f/fb.asp?m=19642024
Ice Gem,5,Light,2,2,2,0,0,0,0,0,2,-3,-3,-3,0,0,0,0,0,0,0,0,0,0,0,0,0,0,0,0,0,0,0,0,0,0,0,0,0,0,0,0,0,0,0,0,0,0,0,0,0,0,0,0,0,0,0,0,0,0,0,0,0,0,1,0,0,0,0,0,0,1,Trinket,Ice Gem,http://forums2.battleon.com/f/fb.asp?m=16504693
Ice Princess Tear,10,Ice,0,0,0,0,0,0,0,0,0,0,0,0,0,0,0,0,0,0,0,0,0,0,0,0,0,0,0,0,0,0,0,0,0,0,0,0,0,0,0,0,0,0,0,0,0,0,0,0,0,0,0,0,0,0,0,0,0,0,0,0,0,0,1,0,0,0,0,0,0,1,Trinket,Ice Princess Tear,http://forums2.battleon.com/f/fb.asp?m=16726625
Indecent Proposal,5,Fire,0,0,0,0,0,0,0,1,0,0,0,0,0,0,0,0,0,0,0,0,0,0,0,0,0,0,0,0,0,0,0,0,0,0,0,0,0,0,0,0,0,0,0,0,0,0,0,0,0,0,0,0,0,0,0,0,0,0,0,0,0,0,1,1,0,1,0,0,0,1,Trinket,Indecent Proposal,http://forums2.battleon.com/f/fb.asp?m=15543874
Inert Mana Gem,30,None,0,0,0,0,0,0,4,0,0,0,0,0,0,0,0,0,0,0,0,0,0,0,0,0,0,0,0,0,0,0,0,0,0,0,0,0,0,0,0,0,0,0,0,0,0,0,0,0,0,0,0,0,0,0,0,0,0,0,0,0,0,0,0,2,0,0,0,0,0,0,Trinket,Inert Mana Gem,http://forums2.battleon.com/f/fb.asp?m=22257261
Inert Mana Gem,40,None,0,0,0,0,0,0,6,0,0,0,0,0,0,0,0,0,0,0,0,0,0,0,0,0,0,0,0,0,0,0,0,0,0,0,0,0,0,0,0,0,0,0,0,0,0,0,0,0,0,0,0,0,0,0,0,0,0,0,0,0,0,0,2,2,0,0,0,0,0,0,Trinket,Inert Mana Gem,http://forums2.battleon.com/f/fb.asp?m=22257263
Inert Mana Gem,50,None,0,0,0,0,0,0,8,0,0,0,0,0,0,0,0,0,0,0,0,0,0,0,0,0,0,0,0,0,0,0,0,0,0,0,0,0,0,0,0,0,0,0,0,0,0,0,0,0,0,0,0,0,0,0,0,0,0,0,0,0,0,0,2,2,0,0,0,0,0,0,Trinket,Inert Mana Gem,http://forums2.battleon.com/f/fb.asp?m=22257264
Inert Mana Gem,60,None,0,0,0,0,0,0,12,0,0,0,0,0,0,0,0,0,0,0,0,0,0,0,0,0,0,0,0,0,0,0,0,0,0,0,0,0,0,0,0,0,0,0,0,0,0,0,0,0,0,0,0,0,0,0,0,0,0,0,0,0,0,0,2,2,0,0,0,0,0,0,Trinket,Inert Mana Gem,http://forums2.battleon.com/f/fb.asp?m=22257266
Inert Mana Gem,70,None,2,2,2,0,0,0,16,0,0,0,0,0,0,0,0,0,0,0,0,0,0,0,0,0,0,0,0,0,0,0,0,0,0,0,0,0,0,0,0,0,0,0,0,0,0,0,0,0,0,0,0,0,0,0,0,0,0,0,0,0,0,0,2,2,0,0,0,0,0,0,Trinket,Inert Mana Gem,http://forums2.battleon.com/f/fb.asp?m=22257267
Inert Mana Gem,80,None,2,2,2,0,0,0,20,0,0,0,0,0,0,0,0,0,0,0,0,0,0,0,0,0,0,0,0,0,0,0,0,0,0,0,0,0,0,0,0,0,0,0,0,0,0,0,0,0,0,0,0,0,0,0,0,0,0,0,0,0,0,0,2,2,0,0,0,0,0,0,Trinket,Inert Mana Gem,http://forums2.battleon.com/f/fb.asp?m=22257268
Inert Mana Gem,85,None,3,3,3,0,0,0,25,0,0,0,0,0,0,0,0,0,0,0,0,0,0,0,0,0,0,0,0,0,0,0,0,0,0,0,0,0,0,0,0,0,0,0,0,0,0,0,0,0,0,0,0,0,0,0,0,0,0,0,0,0,0,0,2,2,0,0,0,0,0,0,Trinket,Inert Mana Gem,http://forums2.battleon.com/f/fb.asp?m=22257269
Leather Gauntlets,30,Nature,2,2,2,0,0,5,0,0,0,4,4,4,0,0,2,0,0,0,0,0,0,0,0,0,0,0,0,0,0,0,0,0,0,0,0,0,0,0,0,0,0,0,0,0,0,0,0,0,0,0,0,0,0,0,0,0,0,0,0,0,0,0,1,0,0,0,0,0,0,0,Trinket,Leather Gauntlets,http://forums2.battleon.com/f/fb.asp?m=17562778
Leather Gloves,18,Nature,1,1,1,0,0,2,1,0,0,3,3,3,0,0,1,0,0,0,0,0,0,0,0,0,0,0,0,0,0,0,0,0,0,0,0,0,0,0,0,0,0,0,0,0,0,0,0,0,0,0,0,0,0,0,0,0,0,0,0,0,0,0,1,0,0,0,0,0,0,0,Trinket,Leather Gloves,http://forums2.battleon.com/f/fb.asp?m=17563944
Leather Power Fists,40,Nature,2,2,2,0,0,5,0,6,0,4,4,4,0,0,2,0,0,0,0,0,0,0,0,0,0,0,0,0,0,0,0,0,0,0,0,0,0,0,0,0,0,0,0,0,0,0,0,0,0,0,0,0,0,0,0,0,0,0,0,0,0,0,1,0,0,0,0,0,0,0,Trinket,Leather Power Fists,http://forums2.battleon.com/f/fb.asp?m=17763407
Lightning Circuit,15,Energy,0,0,0,0,0,0,0,1,0,0,0,0,0,0,0,0,0,0,0,0,0,0,0,0,0,0,0,0,0,0,0,0,0,0,0,0,0,0,0,0,0,0,0,0,0,0,0,0,0,0,0,0,0,0,0,0,0,0,0,0,0,0,1,0,0,0,0,0,0,0,Trinket,Lightning Circuit,http://forums2.battleon.com/f/fb.asp?m=15386542
LimeWorks!,5,Fire,0,0,0,0,0,0,0,0,0,0,0,0,0,0,0,0,0,0,0,0,0,0,0,0,0,0,0,0,0,0,0,0,0,0,0,0,0,0,0,0,0,0,0,0,0,0,0,0,0,0,0,0,0,0,0,0,0,0,0,0,0,0,1,0,0,0,0,0,0,1,Trinket,LimeWorks!,http://forums2.battleon.com/f/fb.asp?m=21906073
Loaded Dice,5,Nature,0,0,0,0,10,0,0,3,0,0,0,0,0,0,0,0,0,0,0,0,0,0,0,0,0,0,0,0,0,0,0,0,0,0,0,0,0,0,0,0,0,0,0,0,0,0,0,0,0,0,0,0,0,0,0,0,0,0,0,0,0,0,1,0,0,0,0,0,0,0,Trinket,Loaded Dice,http://forums2.battleon.com/f/fb.asp?m=17423015
Man's Best Friend,20,Bacon,0,0,0,5,5,0,0,0,0,0,0,0,0,0,0,0,0,0,0,0,0,-20,0,0,0,0,0,0,0,0,0,0,5,0,0,0,0,0,0,0,0,0,0,0,-20,0,0,0,0,0,0,0,0,0,0,5,0,0,0,0,0,0,1,0,0,0,0,0,0,0,Trinket,Man's Best Friend,http://forums2.battleon.com/f/fb.asp?m=17878078
Medewwsa's Head,15,Stone,0,0,0,0,0,0,0,0,2,0,0,0,0,0,0,0,0,0,0,0,0,0,0,0,0,0,0,0,0,0,0,0,0,0,0,0,0,0,0,0,0,0,0,0,0,0,0,0,0,0,0,0,0,0,0,0,0,0,0,0,0,0,1,0,0,0,0,0,0,1,Trinket,Medewwsa's Head,http://forums2.battleon.com/f/fb.asp?m=15939927
Mirror Eye Trinket,20,Silver,0,0,0,0,0,0,0,0,0,0,0,0,0,0,0,0,0,0,0,0,0,0,0,0,0,0,0,10,0,0,0,0,0,0,0,0,10,0,10,0,0,0,0,0,0,0,0,0,0,0,10,0,0,0,0,0,0,0,0,10,0,10,1,0,0,0,0,0,0,1,Trinket,Mirror Eye Trinket,http://forums2.battleon.com/f/fb.asp?m=21767332
Moonridge Assist,20,Light,0,0,0,0,3,0,0,0,0,1,1,1,0,0,0,0,0,0,0,0,0,0,0,0,0,0,0,0,0,0,0,0,0,0,0,0,0,0,0,0,0,0,0,0,0,0,0,0,0,0,0,0,0,0,0,0,0,0,0,0,0,0,1,1,0,1,0,0,0,1,Trinket,Moonridge Assist,http://forums2.battleon.com/f/fb.asp?m=18013842
Not-So-Tiny Bubbles,25,Wind,0,0,0,0,0,2,0,0,0,0,0,0,0,0,0,0,0,0,0,0,0,0,0,0,0,0,0,0,0,0,0,0,0,0,0,0,0,0,0,0,0,0,0,0,0,0,0,0,0,0,0,0,0,0,0,0,0,0,0,0,0,0,1,0,0,0,0,0,0,1,Trinket,Not-So-Tiny Bubbles,http://forums2.battleon.com/f/fb.asp?m=16670969
Ooo R U?,15,Wind,1,1,1,0,0,1,0,0,0,3,3,3,0,0,1,0,0,0,0,0,0,0,0,0,0,0,0,0,0,0,0,0,0,0,0,0,0,0,0,0,0,0,0,0,0,0,0,0,0,0,0,0,0,0,0,0,0,0,0,0,0,0,1,0,0,0,0,0,0,0,Trinket,Ooo R U?,http://forums2.battleon.com/f/fb.asp?m=16667561
Overclocked Millisecond Hand,20,None,0,0,0,0,0,3,0,3,0,0,0,0,0,0,0,0,0,0,0,0,0,0,0,0,0,0,0,0,0,0,0,0,0,0,0,0,0,0,0,0,0,0,0,0,0,0,0,0,0,0,0,0,0,0,0,0,0,0,0,0,0,0,1,0,1,0,0,0,0,0,Trinket,Overclocked Millisecond Hand,http://forums2.battleon.com/f/fb.asp?m=17151769
Pillar of Light,30,Light,0,0,0,0,0,0,0,5,3,1,1,1,0,0,0,0,0,0,0,0,0,0,0,0,0,0,0,0,0,0,0,0,0,0,0,0,0,0,0,0,0,0,0,0,0,0,0,0,0,0,0,0,0,0,0,0,0,0,0,0,0,0,1,0,0,0,0,0,0,1,Trinket,Pillar of Light,http://forums2.battleon.com/f/fb.asp?m=18639842
Pirate's Booty,27,None,0,0,0,0,0,0,0,4,0,3,3,3,0,0,2,0,0,-7,0,0,0,0,0,0,0,0,0,0,0,0,0,0,0,0,5,0,0,0,0,0,-7,0,0,0,0,0,0,0,0,0,0,0,0,0,0,0,0,5,0,0,0,0,1,0,0,0,0,0,0,0,Trinket,Pirate's Booty,http://forums2.battleon.com/f/fb.asp?m=17329887
Pirate's Curse,10,Ice,0,0,0,0,-1,0,0,3,0,3,3,3,0,0,2,0,0,-3,0,0,0,0,0,0,0,0,0,0,0,0,0,0,0,0,0,0,0,0,0,0,-3,0,0,0,0,0,0,0,0,0,0,0,0,0,0,0,0,0,0,0,0,0,1,0,0,0,0,0,0,0,Trinket,Pirate's Curse,http://forums2.battleon.com/f/fb.asp?m=17330203
Power of the Avatars,25,None,0,0,0,0,0,2,0,0,0,0,0,0,0,0,0,0,0,0,0,0,0,0,0,0,0,0,0,0,0,0,0,0,0,0,0,0,0,0,0,0,0,0,0,0,0,0,0,0,0,0,0,0,0,0,0,0,0,0,0,0,0,0,1,0,0,0,0,0,0,1,Trinket,Power of the Avatars,http://forums2.battleon.com/f/fb.asp?m=15469382
Runestone,30,None,0,0,0,0,0,0,2,0,0,0,0,5,0,0,0,0,0,0,0,0,0,0,0,0,0,0,0,0,0,0,0,0,0,0,0,0,0,0,0,0,0,0,0,0,0,0,0,0,0,0,0,0,0,0,0,0,0,0,0,0,0,0,1,0,0,0,0,0,0,1,Trinket,Runestone,http://forums2.battleon.com/f/fb.asp?m=21825775
Runestone,40,None,0,0,0,0,0,0,3,0,0,0,0,7,0,0,0,0,0,0,0,0,0,0,0,0,0,0,0,0,0,0,0,0,0,0,0,0,0,0,0,0,0,0,0,0,0,0,0,0,0,0,0,0,0,0,0,0,0,0,0,0,0,0,1,0,0,0,0,0,0,1,Trinket,Runestone,http://forums2.battleon.com/f/fb.asp?m=21825776
Runestone,50,None,0,0,0,0,0,0,4,0,0,0,0,9,0,0,0,0,0,0,0,0,0,0,0,0,0,0,0,0,0,0,0,0,0,0,0,0,0,0,0,0,0,0,0,0,0,0,0,0,0,0,0,0,0,0,0,0,0,0,0,0,0,0,1,0,0,0,0,0,0,1,Trinket,Runestone,http://forums2.battleon.com/f/fb.asp?m=21825777
Runestone,60,None,0,0,0,0,0,0,6,0,0,0,0,11,0,0,0,0,0,0,0,0,0,0,0,0,0,0,0,0,0,0,0,0,0,0,0,0,0,0,0,0,0,0,0,0,0,0,0,0,0,0,0,0,0,0,0,0,0,0,0,0,0,0,1,0,0,0,0,0,0,1,Trinket,Runestone,http://forums2.battleon.com/f/fb.asp?m=21825778
Runestone,70,None,0,0,0,0,0,0,8,0,0,0,0,13,0,0,0,0,0,0,0,0,0,0,0,0,0,0,0,0,0,0,0,0,0,0,0,0,0,0,0,0,0,0,0,0,0,0,0,0,0,0,0,0,0,0,0,0,0,0,0,0,0,0,1,0,0,0,0,0,0,1,Trinket,Runestone,http://forums2.battleon.com/f/fb.asp?m=21825779
Runestone,80,None,0,0,0,0,0,0,10,0,0,0,0,15,0,0,0,0,0,0,0,0,0,0,0,0,0,0,0,0,0,0,0,0,0,0,0,0,0,0,0,0,0,0,0,0,0,0,0,0,0,0,0,0,0,0,0,0,0,0,0,0,0,0,1,0,0,0,0,0,0,1,Trinket,Runestone,http://forums2.battleon.com/f/fb.asp?m=21825780
"Seven ""Lucky"" Wishbones",90,Darkness,10,10,10,0,17,0,0,10,10,0,0,0,6,6,6,0,0,0,0,0,0,0,0,0,0,0,0,0,0,0,14,0,0,0,0,0,0,0,0,0,0,0,0,0,0,0,0,0,0,0,0,0,0,14,0,0,0,0,0,0,0,0,1,1,1,0,0,0,0,0,Trinket,"Seven ""Lucky"" Wishbones",http://forums2.battleon.com/f/fb.asp?m=22331546
"Seven Found ""Lucky"" Wishbones",90,Darkness,10,10,10,0,17,0,0,10,10,0,0,0,6,6,6,0,0,0,0,0,0,0,0,0,0,0,0,0,0,0,14,0,0,0,0,0,0,0,0,0,0,0,0,0,0,0,0,0,0,0,0,0,0,14,0,0,0,0,0,0,0,0,1,0,1,0,0,0,0,0,Trinket,"Seven Found ""Lucky"" Wishbones",http://forums2.battleon.com/f/fb.asp?m=22331547
Shapeless Idol I,30,Fear,1,1,1,0,0,0,0,2,2,0,0,0,0,0,0,0,0,0,0,0,0,0,0,0,0,0,0,0,0,0,0,0,0,0,0,0,0,0,0,0,0,0,0,0,0,0,0,0,0,0,0,0,0,0,0,0,0,0,0,0,0,0,0,2,0,0,0,0,0,0,Trinket,Shapeless Idol I,http://forums2.battleon.com/f/fb.asp?m=22346460
Shapeless Idol II,60,Fear,1,1,1,0,0,0,0,6,6,0,0,0,0,0,0,0,0,0,0,0,0,0,0,0,0,0,0,0,0,0,0,0,0,0,0,0,0,0,0,0,0,0,0,0,0,0,0,0,0,0,0,0,0,0,0,0,0,0,0,0,0,0,2,2,0,0,0,0,0,0,Trinket,Shapeless Idol II,http://forums2.battleon.com/f/fb.asp?m=22346470
Shapeless Idol III,70,Fear,1,1,1,0,0,0,0,8,8,0,0,0,0,0,0,0,0,0,0,0,0,0,0,0,0,0,0,0,0,0,0,0,0,0,0,0,0,0,0,0,0,0,0,0,0,0,0,0,0,0,0,0,0,0,0,0,0,0,0,0,0,0,2,2,0,0,0,0,0,0,Trinket,Shapeless Idol III,http://forums2.battleon.com/f/fb.asp?m=22346471
Shapeless Idol IV,80,Fear,1,1,1,0,0,0,0,10,10,0,0,0,0,0,0,0,0,0,0,0,0,0,0,0,0,0,0,0,0,0,0,0,0,0,0,0,0,0,0,0,0,0,0,0,0,0,0,0,0,0,0,0,0,0,0,0,0,0,0,0,0,0,2,2,0,0,0,0,0,0,Trinket,Shapeless Idol IV,http://forums2.battleon.com/f/fb.asp?m=22346472
Shapeless Idol V,90,Fear,1,1,1,0,0,0,0,15,15,0,0,0,0,0,0,0,0,0,0,0,0,0,0,0,0,1,1,0,1,0,0,0,0,0,0,0,0,0,0,0,0,0,0,0,0,0,0,0,1,1,0,1,0,0,0,0,0,0,0,0,0,0,2,2,0,0,0,0,0,0,Trinket,Shapeless Idol V,http://forums2.battleon.com/f/fb.asp?m=22346473
"Six ""Lucky"" Wishbones",80,Darkness,9,9,9,0,15,0,0,9,10,0,0,0,6,0,6,0,0,0,0,0,0,0,0,0,0,0,0,0,0,0,14,0,0,0,0,0,0,0,0,0,0,0,0,0,0,0,0,0,0,0,0,0,0,14,0,0,0,0,0,0,0,0,1,1,1,0,0,0,0,0,Trinket,"Six ""Lucky"" Wishbones",http://forums2.battleon.com/f/fb.asp?m=21732708
"Six Found ""Lucky"" Wishbones",80,Darkness,9,9,9,0,15,0,0,9,10,0,0,0,6,0,6,0,0,0,0,0,0,0,0,0,0,0,0,0,0,0,14,0,0,0,0,0,0,0,0,0,0,0,0,0,0,0,0,0,0,0,0,0,0,14,0,0,0,0,0,0,0,0,1,0,1,0,0,0,0,0,Trinket,"Six Found ""Lucky"" Wishbones",http://forums2.battleon.com/f/fb.asp?m=21732713
Skull Crusher Blaster,35,Fire,0,0,0,0,0,0,0,3,3,0,0,0,0,0,0,0,0,0,0,0,0,0,0,0,0,0,0,0,0,0,0,0,0,0,0,0,0,0,0,0,0,0,0,0,0,0,0,0,0,0,0,0,0,0,0,0,0,0,0,0,0,0,1,0,0,0,0,0,0,1,Trinket,Skull Crusher Blaster,http://forums2.battleon.com/f/fb.asp?m=19113358
Sniper Sight,15,Energy,1,1,1,0,0,0,0,1,0,0,0,0,0,0,0,0,0,0,0,0,0,0,0,0,0,0,0,0,0,0,0,0,0,0,0,0,0,0,0,0,0,0,0,0,0,0,0,0,0,0,0,0,0,0,0,0,0,0,0,0,0,0,1,0,0,0,0,0,0,0,Trinket,Sniper Sight,http://forums2.battleon.com/f/fb.asp?m=19641976
Soul Purifier,20,None,0,0,0,0,0,3,3,3,0,0,0,0,0,0,0,0,0,0,0,0,0,0,10,0,0,0,0,0,0,0,0,0,0,0,0,0,0,0,0,0,0,0,0,0,0,10,0,0,0,0,0,0,0,0,0,0,0,0,0,0,0,0,1,0,0,0,0,0,0,1,Trinket,Soul Purifier,http://forums2.battleon.com/f/fb.asp?m=18393098
Spiked Leather Gauntlet,60,Nature,3,3,3,0,-3,5,0,9,0,4,4,4,0,0,2,0,0,0,0,0,0,0,0,0,0,0,0,0,0,0,0,0,0,0,0,0,0,0,0,0,0,0,0,0,0,0,0,0,0,0,0,0,0,0,0,0,0,0,0,0,0,0,1,0,0,0,0,0,0,0,Trinket,Spiked Leather Gauntlet,http://forums2.battleon.com/f/fb.asp?m=19639760
Summon Destiny Dragon,1,Good,0,0,0,0,0,0,0,0,0,0,0,0,0,0,0,0,0,0,0,0,0,0,0,0,0,0,0,0,0,0,0,0,0,0,0,0,0,0,0,0,0,0,0,0,0,0,0,0,0,0,0,0,0,0,0,0,0,0,0,0,0,0,1,0,1,0,0,0,0,1,Trinket,Summon Destiny Dragon,http://forums2.battleon.com/f/fb.asp?m=21988987
Summon Gem - Illumina,25,Light,0,0,0,0,0,0,0,0,0,0,0,0,1,0,0,0,0,0,0,0,0,0,0,0,0,0,0,0,0,0,0,0,0,0,0,0,0,0,0,0,0,0,0,0,0,0,0,0,0,0,0,0,0,0,0,0,0,0,0,0,0,0,1,0,0,0,0,0,0,1,Trinket,Summon Gem - Illumina,http://forums2.battleon.com/f/fb.asp?m=19380568
Summon Gem - Reaver,25,Darkness,0,0,0,0,0,0,0,0,0,0,0,0,0,0,1,0,0,0,0,0,0,0,0,0,0,0,0,0,0,0,0,0,0,0,0,0,0,0,0,0,0,0,0,0,0,0,0,0,0,0,0,0,0,0,0,0,0,0,0,0,0,0,1,0,0,0,0,0,0,1,Trinket,Summon Gem - Reaver,http://forums2.battleon.com/f/fb.asp?m=17329606
Summon Gem - Ricterild,5,Light,0,0,0,0,0,0,0,0,0,0,0,0,0,0,0,0,0,0,0,0,0,0,0,0,0,0,0,0,0,0,0,0,0,0,0,0,0,0,0,0,0,0,0,0,0,0,0,0,0,0,0,0,0,0,0,0,0,0,0,0,0,0,1,0,0,0,0,0,0,1,Trinket,Summon Gem - Ricterild,http://forums2.battleon.com/f/fb.asp?m=22036820
Summon Gem - Roktoru,25,Stone,0,0,0,0,0,0,0,0,0,0,0,0,0,0,1,0,0,0,0,0,0,0,0,0,0,0,0,0,0,0,0,0,0,0,0,0,0,0,0,0,0,0,0,0,0,0,0,0,0,0,0,0,0,0,0,0,0,0,0,0,0,0,1,0,0,0,0,0,0,1,Trinket,Summon Gem - Roktoru,http://forums2.battleon.com/f/fb.asp?m=17644800
Summon Honda,20,Poison,2,2,2,0,0,0,5,0,0,0,0,0,5,5,5,0,0,0,0,0,0,0,0,0,0,0,0,0,0,0,0,0,0,0,25,0,0,0,0,0,0,0,0,0,0,0,0,0,0,0,0,0,0,0,0,0,0,25,0,0,0,0,1,0,0,0,0,0,0,1,Trinket,Summon Honda,http://forums2.battleon.com/f/fb.asp?m=21920623
Summon Young Destiny Dragon,1,Good,0,0,0,0,0,0,0,0,0,0,0,0,0,0,0,0,0,0,0,0,0,0,0,0,0,0,0,0,0,0,0,0,0,0,0,0,0,0,0,0,0,0,0,0,0,0,0,0,0,0,0,0,0,0,0,0,0,0,0,0,0,0,0,1,1,0,0,0,0,1,Trinket,Summon Young Destiny Dragon,http://forums2.battleon.com/f/fb.asp?m=21989012
"Three ""Lucky"" Wishbones",40,Darkness,2,2,2,0,5,0,0,6,3,0,0,0,0,0,2,0,0,0,0,0,0,0,0,0,0,0,0,0,0,0,5,0,0,0,0,0,0,0,0,0,0,0,0,0,0,0,0,0,0,0,0,0,0,5,0,0,0,0,0,0,0,0,1,1,1,0,0,0,0,0,Trinket,"Three ""Lucky"" Wishbones",http://forums2.battleon.com/f/fb.asp?m=19281936
"Three Found ""Lucky"" Wishbones",40,Darkness,2,2,2,0,5,0,0,6,3,0,0,0,0,0,2,0,0,0,0,0,0,0,0,0,0,0,0,0,0,0,5,0,0,0,0,0,0,0,0,0,0,0,0,0,0,0,0,0,0,0,0,0,0,5,0,0,0,0,0,0,0,0,1,0,1,0,0,0,0,0,Trinket,"Three Found ""Lucky"" Wishbones",http://forums2.battleon.com/f/fb.asp?m=19281796
"Two ""Lucky"" Wishbones",20,Darkness,1,1,1,0,3,0,0,3,0,0,0,0,0,0,0,0,0,0,0,0,0,0,0,0,0,0,0,0,0,0,3,0,0,0,0,0,0,0,0,0,0,0,0,0,0,0,0,0,0,0,0,0,0,3,0,0,0,0,0,0,0,0,1,1,1,0,0,0,0,0,Trinket,"Two ""Lucky"" Wishbones",http://forums2.battleon.com/f/fb.asp?m=19281940
"Two Found ""Lucky"" Wishbones",20,Darkness,1,1,1,0,3,0,0,3,0,0,0,0,0,0,0,0,0,0,0,0,0,0,0,0,0,0,0,0,0,0,3,0,0,0,0,0,0,0,0,0,0,0,0,0,0,0,0,0,0,0,0,0,0,3,0,0,0,0,0,0,0,0,1,0,1,0,0,0,0,0,Trinket,"Two Found ""Lucky"" Wishbones",http://forums2.battleon.com/f/fb.asp?m=19281784
You Are Here,5,Nature,2,0,2,0,0,0,0,4,4,-5,-5,-5,-1,-1,-1,0,0,0,0,0,0,0,0,0,0,0,0,0,0,0,0,0,0,0,0,0,0,0,0,0,0,0,0,0,0,0,0,0,0,0,0,0,0,0,0,0,0,0,0,0,0,0,1,1,1,0,0,0,0,1,Trinket,You Are Here,http://forums2.battleon.com/f/fb.asp?m=15865056
You Are Here,5,Nature,2,0,2,0,0,0,0,4,4,-5,-5,-5,-1,-1,-1,0,0,0,0,0,0,0,0,0,0,0,0,0,0,0,0,0,0,0,0,0,0,0,0,0,0,0,0,0,0,0,0,0,0,0,0,0,0,0,0,0,0,0,0,0,0,0,1,0,1,0,0,0,0,1,Trinket,You Are Here,http://forums2.battleon.com/f/fb.asp?m=21984870